first,last
Zara,Hughes-Marsjanska
Akiko,Sanders-Altenburg
Yuki,Patel-Volkov
Xiuying,Chen-Blackwood
Aisha,Gupta-Larsson
Mateo,Rodriguez-Kovač
Lena,Schmidt-O'Connor
Priya,Kumar-Andersen
Soren,Nielsen-Zhao
Chiara,Ferrari-Dubois
Kaito,Tanaka-Müller
Ines,Moreau-Kowalski
Ravi,Sharma-Lindqvist
Amara,Diallo-Bergström
Liam,O'Brien-Petrov
Nadia,Hassan-Virtanen
Yosef,Cohen-Popov
Mei,Zhang-Eriksson
Thiago,Silva-Novotný
Astrid,Johansson-Kim
Dmitri,Ivanov-Nakamura
Lucia,Mendoza-Björklund
Fatima,Al-Rashid-Korhonen
Jun,Lee-Fitzgerald
Ananya,Chatterjee-Svensson
Miguel,Hernandez-Wojcik
Elodie,Rousseau-Yamamoto
Tadhg,Murphy-Kuznetsov
Zainab,Malik-Jørgensen
Hiroshi,Sato-MacKenzie
Carmen,Ruiz-Dąbrowski
Nikhil,Malhotra-Nilsson
Esther,Okafor-Lindholm
Andrei,Sokolov-Chang
Layla,Ibrahim-Nordström
Takeshi,Watanabe-Schröder
Sofia,Rossi-Kovalev
Jamal,Ahmed-Lundqvist
Kenzo,Suzuki-Van Dijk
Raja,Kapoor-Magnusson
